cohort_year,avg_sip_amount,total_invested,investor_count
2024,107739.47660491167,2500633252,4803
2025,106704.34552675585,1020947178,4018
